{
  "metrics/precision(B)": 0.9381465328749378,
  "metrics/recall(B)": 0.9842982655869277,
  "metrics/mAP50(B)": 0.9928787878787879,
  "metrics/mAP50-95(B)": 0.9352373660356761,
  "fitness": 0.9352373660356761
}